--------------------------------------------------------
--  File created - vasárnap-május-01-2022   
--------------------------------------------------------
--------------------------------------------------------
--  DDL for Table ARNAPLO
--------------------------------------------------------

  CREATE TABLE "TEST3"."ARNAPLO" 
   (	"IDO" DATE, 
	"REGI" NUMBER, 
	"UJ" NUMBER, 
	"TIPUS" VARCHAR2(50 BYTE)
   ) SEGMENT CREATION IMMEDIATE 
  PCTFREE 10 PCTUSED 40 INITRANS 1 MAXTRANS 255 
 NOCOMPRESS LOGGING
  STORAGE(INITIAL 65536 NEXT 1048576 MINEXTENTS 1 MAXEXTENTS 2147483645
  PCTINCREASE 0 FREELISTS 1 FREELIST GROUPS 1
  BUFFER_POOL DEFAULT FLASH_CACHE DEFAULT CELL_FLASH_CACHE DEFAULT)
  TABLESPACE "USERS" ;
--------------------------------------------------------
--  DDL for Table BEOSZTAS
--------------------------------------------------------

  CREATE TABLE "TEST3"."BEOSZTAS" 
   (	"MEGNEVEZES" VARCHAR2(20 BYTE)
   ) SEGMENT CREATION IMMEDIATE 
  PCTFREE 10 PCTUSED 40 INITRANS 1 MAXTRANS 255 
 NOCOMPRESS LOGGING
  STORAGE(INITIAL 65536 NEXT 1048576 MINEXTENTS 1 MAXEXTENTS 2147483645
  PCTINCREASE 0 FREELISTS 1 FREELIST GROUPS 1
  BUFFER_POOL DEFAULT FLASH_CACHE DEFAULT CELL_FLASH_CACHE DEFAULT)
  TABLESPACE "USERS" ;
--------------------------------------------------------
--  DDL for Table DOLGOZOK
--------------------------------------------------------

  CREATE TABLE "TEST3"."DOLGOZOK" 
   (	"VEZNEV" VARCHAR2(20 BYTE), 
	"KERNEV" VARCHAR2(20 BYTE), 
	"FIZETES" NUMBER, 
	"SZEMELYISZAM" CHAR(8 BYTE), 
	"JELSZO" VARCHAR2(20 BYTE), 
	"BEOSZTAS" VARCHAR2(20 BYTE)
   ) SEGMENT CREATION IMMEDIATE 
  PCTFREE 10 PCTUSED 40 INITRANS 1 MAXTRANS 255 
 NOCOMPRESS LOGGING
  STORAGE(INITIAL 65536 NEXT 1048576 MINEXTENTS 1 MAXEXTENTS 2147483645
  PCTINCREASE 0 FREELISTS 1 FREELIST GROUPS 1
  BUFFER_POOL DEFAULT FLASH_CACHE DEFAULT CELL_FLASH_CACHE DEFAULT)
  TABLESPACE "USERS" ;
--------------------------------------------------------
--  DDL for Table FIZNAPLO
--------------------------------------------------------

  CREATE TABLE "TEST3"."FIZNAPLO" 
   (	"IDO" DATE, 
	"REGI" NUMBER, 
	"UJ" NUMBER, 
	"SZEMELYISZAM" CHAR(8 BYTE)
   ) SEGMENT CREATION IMMEDIATE 
  PCTFREE 10 PCTUSED 40 INITRANS 1 MAXTRANS 255 
 NOCOMPRESS LOGGING
  STORAGE(INITIAL 65536 NEXT 1048576 MINEXTENTS 1 MAXEXTENTS 2147483645
  PCTINCREASE 0 FREELISTS 1 FREELIST GROUPS 1
  BUFFER_POOL DEFAULT FLASH_CACHE DEFAULT CELL_FLASH_CACHE DEFAULT)
  TABLESPACE "USERS" ;
--------------------------------------------------------
--  DDL for Table JEGYEK
--------------------------------------------------------

  CREATE TABLE "TEST3"."JEGYEK" 
   (	"TIPUS" VARCHAR2(50 BYTE), 
	"AR" NUMBER
   ) SEGMENT CREATION IMMEDIATE 
  PCTFREE 10 PCTUSED 40 INITRANS 1 MAXTRANS 255 
 NOCOMPRESS LOGGING
  STORAGE(INITIAL 65536 NEXT 1048576 MINEXTENTS 1 MAXEXTENTS 2147483645
  PCTINCREASE 0 FREELISTS 1 FREELIST GROUPS 1
  BUFFER_POOL DEFAULT FLASH_CACHE DEFAULT CELL_FLASH_CACHE DEFAULT)
  TABLESPACE "USERS"   NO INMEMORY ;
--------------------------------------------------------
--  DDL for Table LOGINNAPLO
--------------------------------------------------------

  CREATE TABLE "TEST3"."LOGINNAPLO" 
   (	"IDO" DATE, 
	"DB_USER" VARCHAR2(20 BYTE), 
	"SZEMELYISZAM" CHAR(8 BYTE)
   ) SEGMENT CREATION IMMEDIATE 
  PCTFREE 10 PCTUSED 40 INITRANS 1 MAXTRANS 255 
 NOCOMPRESS LOGGING
  STORAGE(INITIAL 65536 NEXT 1048576 MINEXTENTS 1 MAXEXTENTS 2147483645
  PCTINCREASE 0 FREELISTS 1 FREELIST GROUPS 1
  BUFFER_POOL DEFAULT FLASH_CACHE DEFAULT CELL_FLASH_CACHE DEFAULT)
  TABLESPACE "USERS" ;
--------------------------------------------------------
--  DDL for Table MENETREND
--------------------------------------------------------

  CREATE TABLE "TEST3"."MENETREND" 
   (	"JARATSZAM" NUMBER, 
	"HONNAN" VARCHAR2(20 BYTE), 
	"HOVA" VARCHAR2(20 BYTE), 
	"DATUM_INDUL" DATE, 
	"DATUM_ERKEZIK" DATE, 
	"KM" NUMBER, 
	"POTJEGY" NUMBER
   ) SEGMENT CREATION IMMEDIATE 
  PCTFREE 10 PCTUSED 40 INITRANS 1 MAXTRANS 255 
 NOCOMPRESS LOGGING
  STORAGE(INITIAL 65536 NEXT 1048576 MINEXTENTS 1 MAXEXTENTS 2147483645
  PCTINCREASE 0 FREELISTS 1 FREELIST GROUPS 1
  BUFFER_POOL DEFAULT FLASH_CACHE DEFAULT CELL_FLASH_CACHE DEFAULT)
  TABLESPACE "USERS"   NO INMEMORY ;
--------------------------------------------------------
--  DDL for Table VAROSOK
--------------------------------------------------------

  CREATE TABLE "TEST3"."VAROSOK" 
   (	"NEV" VARCHAR2(50 BYTE)
   ) SEGMENT CREATION IMMEDIATE 
  PCTFREE 10 PCTUSED 40 INITRANS 1 MAXTRANS 255 
 NOCOMPRESS LOGGING
  STORAGE(INITIAL 65536 NEXT 1048576 MINEXTENTS 1 MAXEXTENTS 2147483645
  PCTINCREASE 0 FREELISTS 1 FREELIST GROUPS 1
  BUFFER_POOL DEFAULT FLASH_CACHE DEFAULT CELL_FLASH_CACHE DEFAULT)
  TABLESPACE "USERS" ;
--------------------------------------------------------
--  DDL for Table VASARLAS
--------------------------------------------------------

  CREATE TABLE "TEST3"."VASARLAS" 
   (	"TRANZAKCIOSZAM" NUMBER(38,0) DEFAULT NULL, 
	"BEFIZETETT_OSSZEG" NUMBER, 
	"METTOL" DATE, 
	"MEDDIG" DATE, 
	"JEGY_TIPUS" VARCHAR2(50 BYTE), 
	"JARATSZAM" NUMBER, 
	"DB" NUMBER, 
	"SZEMELYISZAM" CHAR(8 BYTE)
   ) SEGMENT CREATION IMMEDIATE 
  PCTFREE 10 PCTUSED 40 INITRANS 1 MAXTRANS 255 
 NOCOMPRESS LOGGING
  STORAGE(INITIAL 65536 NEXT 1048576 MINEXTENTS 1 MAXEXTENTS 2147483645
  PCTINCREASE 0 FREELISTS 1 FREELIST GROUPS 1
  BUFFER_POOL DEFAULT FLASH_CACHE DEFAULT CELL_FLASH_CACHE DEFAULT)
  TABLESPACE "USERS" ;
--------------------------------------------------------
--  DDL for Index ARNAPLO_PK
--------------------------------------------------------

  CREATE UNIQUE INDEX "TEST3"."ARNAPLO_PK" ON "TEST3"."ARNAPLO" ("IDO") 
  PCTFREE 10 INITRANS 2 MAXTRANS 255 COMPUTE STATISTICS 
  STORAGE(INITIAL 65536 NEXT 1048576 MINEXTENTS 1 MAXEXTENTS 2147483645
  PCTINCREASE 0 FREELISTS 1 FREELIST GROUPS 1
  BUFFER_POOL DEFAULT FLASH_CACHE DEFAULT CELL_FLASH_CACHE DEFAULT)
  TABLESPACE "USERS" ;
--------------------------------------------------------
--  DDL for Index BEOSZTAS_PK
--------------------------------------------------------

  CREATE UNIQUE INDEX "TEST3"."BEOSZTAS_PK" ON "TEST3"."BEOSZTAS" ("MEGNEVEZES") 
  PCTFREE 10 INITRANS 2 MAXTRANS 255 COMPUTE STATISTICS 
  STORAGE(INITIAL 65536 NEXT 1048576 MINEXTENTS 1 MAXEXTENTS 2147483645
  PCTINCREASE 0 FREELISTS 1 FREELIST GROUPS 1
  BUFFER_POOL DEFAULT FLASH_CACHE DEFAULT CELL_FLASH_CACHE DEFAULT)
  TABLESPACE "USERS" ;
--------------------------------------------------------
--  DDL for Index DOLGOZOK_PK
--------------------------------------------------------

  CREATE UNIQUE INDEX "TEST3"."DOLGOZOK_PK" ON "TEST3"."DOLGOZOK" ("SZEMELYISZAM") 
  PCTFREE 10 INITRANS 2 MAXTRANS 255 COMPUTE STATISTICS 
  STORAGE(INITIAL 65536 NEXT 1048576 MINEXTENTS 1 MAXEXTENTS 2147483645
  PCTINCREASE 0 FREELISTS 1 FREELIST GROUPS 1
  BUFFER_POOL DEFAULT FLASH_CACHE DEFAULT CELL_FLASH_CACHE DEFAULT)
  TABLESPACE "USERS" ;
--------------------------------------------------------
--  DDL for Index FIZNAPLO_PK
--------------------------------------------------------

  CREATE UNIQUE INDEX "TEST3"."FIZNAPLO_PK" ON "TEST3"."FIZNAPLO" ("SZEMELYISZAM", "IDO") 
  PCTFREE 10 INITRANS 2 MAXTRANS 255 COMPUTE STATISTICS 
  STORAGE(INITIAL 65536 NEXT 1048576 MINEXTENTS 1 MAXEXTENTS 2147483645
  PCTINCREASE 0 FREELISTS 1 FREELIST GROUPS 1
  BUFFER_POOL DEFAULT FLASH_CACHE DEFAULT CELL_FLASH_CACHE DEFAULT)
  TABLESPACE "USERS" ;
--------------------------------------------------------
--  DDL for Index JEGYEK_PK
--------------------------------------------------------

  CREATE UNIQUE INDEX "TEST3"."JEGYEK_PK" ON "TEST3"."JEGYEK" ("TIPUS") 
  PCTFREE 10 INITRANS 2 MAXTRANS 255 COMPUTE STATISTICS 
  STORAGE(INITIAL 65536 NEXT 1048576 MINEXTENTS 1 MAXEXTENTS 2147483645
  PCTINCREASE 0 FREELISTS 1 FREELIST GROUPS 1
  BUFFER_POOL DEFAULT FLASH_CACHE DEFAULT CELL_FLASH_CACHE DEFAULT)
  TABLESPACE "USERS" ;
--------------------------------------------------------
--  DDL for Index LOGINNAPLO_PK
--------------------------------------------------------

  CREATE UNIQUE INDEX "TEST3"."LOGINNAPLO_PK" ON "TEST3"."LOGINNAPLO" ("SZEMELYISZAM", "IDO") 
  PCTFREE 10 INITRANS 2 MAXTRANS 255 COMPUTE STATISTICS 
  STORAGE(INITIAL 65536 NEXT 1048576 MINEXTENTS 1 MAXEXTENTS 2147483645
  PCTINCREASE 0 FREELISTS 1 FREELIST GROUPS 1
  BUFFER_POOL DEFAULT FLASH_CACHE DEFAULT CELL_FLASH_CACHE DEFAULT)
  TABLESPACE "USERS" ;
--------------------------------------------------------
--  DDL for Index MENETREND_PK
--------------------------------------------------------

  CREATE UNIQUE INDEX "TEST3"."MENETREND_PK" ON "TEST3"."MENETREND" ("JARATSZAM") 
  PCTFREE 10 INITRANS 2 MAXTRANS 255 COMPUTE STATISTICS 
  STORAGE(INITIAL 65536 NEXT 1048576 MINEXTENTS 1 MAXEXTENTS 2147483645
  PCTINCREASE 0 FREELISTS 1 FREELIST GROUPS 1
  BUFFER_POOL DEFAULT FLASH_CACHE DEFAULT CELL_FLASH_CACHE DEFAULT)
  TABLESPACE "USERS" ;
--------------------------------------------------------
--  DDL for Index VAROSOK_PK
--------------------------------------------------------

  CREATE UNIQUE INDEX "TEST3"."VAROSOK_PK" ON "TEST3"."VAROSOK" ("NEV") 
  PCTFREE 10 INITRANS 2 MAXTRANS 255 COMPUTE STATISTICS 
  STORAGE(INITIAL 65536 NEXT 1048576 MINEXTENTS 1 MAXEXTENTS 2147483645
  PCTINCREASE 0 FREELISTS 1 FREELIST GROUPS 1
  BUFFER_POOL DEFAULT FLASH_CACHE DEFAULT CELL_FLASH_CACHE DEFAULT)
  TABLESPACE "USERS" ;
--------------------------------------------------------
--  DDL for Index VASARLAS_PK
--------------------------------------------------------

  CREATE UNIQUE INDEX "TEST3"."VASARLAS_PK" ON "TEST3"."VASARLAS" ("TRANZAKCIOSZAM") 
  PCTFREE 10 INITRANS 2 MAXTRANS 255 COMPUTE STATISTICS 
  STORAGE(INITIAL 65536 NEXT 1048576 MINEXTENTS 1 MAXEXTENTS 2147483645
  PCTINCREASE 0 FREELISTS 1 FREELIST GROUPS 1
  BUFFER_POOL DEFAULT FLASH_CACHE DEFAULT CELL_FLASH_CACHE DEFAULT)
  TABLESPACE "USERS" ;
--------------------------------------------------------
--  DDL for Trigger FIZ_NAPLO
--------------------------------------------------------

  CREATE OR REPLACE EDITIONABLE TRIGGER "TEST3"."FIZ_NAPLO" 
AFTER UPDATE OF fizetes OR INSERT ON dolgozok
FOR EACH ROW
 WHEN (OLD.fizetes != NEW.fizetes) BEGIN
    IF UPDATING THEN 
        INSERT INTO fiznaplo VALUES (SYSDATE, :OLD.fizetes, :NEW.fizetes, :NEW.szemelyiszam);
    ELSIF INSERTING THEN
        INSERT INTO fiznaplo VALUES (SYSDATE, 0, :NEW.fizetes, :NEW.szemelyiszam);
    END IF;
END;
/
ALTER TRIGGER "TEST3"."FIZ_NAPLO" ENABLE;
--------------------------------------------------------
--  DDL for Trigger DOL_FELVETEL
--------------------------------------------------------

  CREATE OR REPLACE EDITIONABLE TRIGGER "TEST3"."DOL_FELVETEL" 
BEFORE UPDATE OR INSERT ON dolgozok
FOR EACH ROW
DECLARE
    var NUMBER;
BEGIN
    var := LENGTH( :NEW.SZEMELYISZAM);
    IF var < 8 THEN
        RAISE_APPLICATION_ERROR(2003, 'helytelen karakter szám');
    END IF;
END;
/
ALTER TRIGGER "TEST3"."DOL_FELVETEL" DISABLE;
--------------------------------------------------------
--  DDL for Trigger AR_NAPLO
--------------------------------------------------------

  CREATE OR REPLACE EDITIONABLE TRIGGER "TEST3"."AR_NAPLO" 
AFTER UPDATE OF ar OR INSERT ON jegyek
FOR EACH ROW
 WHEN (OLD.ar != NEW.ar) BEGIN
    IF UPDATING THEN 
        INSERT INTO arnaplo VALUES (SYSDATE, :OLD.ar, :NEW.ar, :NEW.tipus);
    ELSIF INSERTING THEN
        INSERT INTO arnaplo VALUES (SYSDATE, 0, :NEW.ar, :NEW.tipus);
    END IF;
END;
/
ALTER TRIGGER "TEST3"."AR_NAPLO" ENABLE;
--------------------------------------------------------
--  Constraints for Table ARNAPLO
--------------------------------------------------------

  ALTER TABLE "TEST3"."ARNAPLO" ADD CONSTRAINT "ARNAPLO_PK" PRIMARY KEY ("IDO")
  USING INDEX PCTFREE 10 INITRANS 2 MAXTRANS 255 COMPUTE STATISTICS 
  STORAGE(INITIAL 65536 NEXT 1048576 MINEXTENTS 1 MAXEXTENTS 2147483645
  PCTINCREASE 0 FREELISTS 1 FREELIST GROUPS 1
  BUFFER_POOL DEFAULT FLASH_CACHE DEFAULT CELL_FLASH_CACHE DEFAULT)
  TABLESPACE "USERS"  ENABLE;
  ALTER TABLE "TEST3"."ARNAPLO" MODIFY ("TIPUS" NOT NULL ENABLE);
  ALTER TABLE "TEST3"."ARNAPLO" MODIFY ("UJ" NOT NULL ENABLE);
  ALTER TABLE "TEST3"."ARNAPLO" MODIFY ("REGI" NOT NULL ENABLE);
  ALTER TABLE "TEST3"."ARNAPLO" MODIFY ("IDO" NOT NULL ENABLE);
--------------------------------------------------------
--  Constraints for Table BEOSZTAS
--------------------------------------------------------

  ALTER TABLE "TEST3"."BEOSZTAS" ADD CONSTRAINT "BEOSZTAS_PK" PRIMARY KEY ("MEGNEVEZES")
  USING INDEX PCTFREE 10 INITRANS 2 MAXTRANS 255 COMPUTE STATISTICS 
  STORAGE(INITIAL 65536 NEXT 1048576 MINEXTENTS 1 MAXEXTENTS 2147483645
  PCTINCREASE 0 FREELISTS 1 FREELIST GROUPS 1
  BUFFER_POOL DEFAULT FLASH_CACHE DEFAULT CELL_FLASH_CACHE DEFAULT)
  TABLESPACE "USERS"  ENABLE;
  ALTER TABLE "TEST3"."BEOSZTAS" MODIFY ("MEGNEVEZES" NOT NULL ENABLE);
--------------------------------------------------------
--  Constraints for Table DOLGOZOK
--------------------------------------------------------

  ALTER TABLE "TEST3"."DOLGOZOK" MODIFY ("FIZETES" NOT NULL ENABLE);
  ALTER TABLE "TEST3"."DOLGOZOK" MODIFY ("BEOSZTAS" NOT NULL ENABLE);
  ALTER TABLE "TEST3"."DOLGOZOK" ADD CONSTRAINT "DOLGOZOK_PK" PRIMARY KEY ("SZEMELYISZAM")
  USING INDEX PCTFREE 10 INITRANS 2 MAXTRANS 255 COMPUTE STATISTICS 
  STORAGE(INITIAL 65536 NEXT 1048576 MINEXTENTS 1 MAXEXTENTS 2147483645
  PCTINCREASE 0 FREELISTS 1 FREELIST GROUPS 1
  BUFFER_POOL DEFAULT FLASH_CACHE DEFAULT CELL_FLASH_CACHE DEFAULT)
  TABLESPACE "USERS"  ENABLE;
  ALTER TABLE "TEST3"."DOLGOZOK" MODIFY ("VEZNEV" NOT NULL ENABLE);
  ALTER TABLE "TEST3"."DOLGOZOK" MODIFY ("JELSZO" NOT NULL ENABLE);
  ALTER TABLE "TEST3"."DOLGOZOK" MODIFY ("SZEMELYISZAM" NOT NULL ENABLE);
  ALTER TABLE "TEST3"."DOLGOZOK" MODIFY ("KERNEV" NOT NULL ENABLE);
--------------------------------------------------------
--  Constraints for Table FIZNAPLO
--------------------------------------------------------

  ALTER TABLE "TEST3"."FIZNAPLO" ADD CONSTRAINT "FIZNAPLO_PK" PRIMARY KEY ("SZEMELYISZAM", "IDO")
  USING INDEX PCTFREE 10 INITRANS 2 MAXTRANS 255 COMPUTE STATISTICS 
  STORAGE(INITIAL 65536 NEXT 1048576 MINEXTENTS 1 MAXEXTENTS 2147483645
  PCTINCREASE 0 FREELISTS 1 FREELIST GROUPS 1
  BUFFER_POOL DEFAULT FLASH_CACHE DEFAULT CELL_FLASH_CACHE DEFAULT)
  TABLESPACE "USERS"  ENABLE;
  ALTER TABLE "TEST3"."FIZNAPLO" MODIFY ("SZEMELYISZAM" NOT NULL ENABLE);
  ALTER TABLE "TEST3"."FIZNAPLO" MODIFY ("UJ" NOT NULL ENABLE);
  ALTER TABLE "TEST3"."FIZNAPLO" MODIFY ("REGI" NOT NULL ENABLE);
  ALTER TABLE "TEST3"."FIZNAPLO" MODIFY ("IDO" NOT NULL ENABLE);
--------------------------------------------------------
--  Constraints for Table JEGYEK
--------------------------------------------------------

  ALTER TABLE "TEST3"."JEGYEK" ADD CONSTRAINT "JEGYEK_PK" PRIMARY KEY ("TIPUS")
  USING INDEX PCTFREE 10 INITRANS 2 MAXTRANS 255 COMPUTE STATISTICS 
  STORAGE(INITIAL 65536 NEXT 1048576 MINEXTENTS 1 MAXEXTENTS 2147483645
  PCTINCREASE 0 FREELISTS 1 FREELIST GROUPS 1
  BUFFER_POOL DEFAULT FLASH_CACHE DEFAULT CELL_FLASH_CACHE DEFAULT)
  TABLESPACE "USERS"  ENABLE;
  ALTER TABLE "TEST3"."JEGYEK" MODIFY ("AR" NOT NULL ENABLE);
  ALTER TABLE "TEST3"."JEGYEK" MODIFY ("TIPUS" NOT NULL ENABLE);
--------------------------------------------------------
--  Constraints for Table LOGINNAPLO
--------------------------------------------------------

  ALTER TABLE "TEST3"."LOGINNAPLO" MODIFY ("DB_USER" NOT NULL ENABLE);
  ALTER TABLE "TEST3"."LOGINNAPLO" ADD CONSTRAINT "LOGINNAPLO_PK" PRIMARY KEY ("SZEMELYISZAM", "IDO")
  USING INDEX PCTFREE 10 INITRANS 2 MAXTRANS 255 COMPUTE STATISTICS 
  STORAGE(INITIAL 65536 NEXT 1048576 MINEXTENTS 1 MAXEXTENTS 2147483645
  PCTINCREASE 0 FREELISTS 1 FREELIST GROUPS 1
  BUFFER_POOL DEFAULT FLASH_CACHE DEFAULT CELL_FLASH_CACHE DEFAULT)
  TABLESPACE "USERS"  ENABLE;
  ALTER TABLE "TEST3"."LOGINNAPLO" MODIFY ("IDO" NOT NULL ENABLE);
--------------------------------------------------------
--  Constraints for Table MENETREND
--------------------------------------------------------

  ALTER TABLE "TEST3"."MENETREND" MODIFY ("POTJEGY" NOT NULL ENABLE);
  ALTER TABLE "TEST3"."MENETREND" ADD CONSTRAINT "MENETREND_PK" PRIMARY KEY ("JARATSZAM")
  USING INDEX PCTFREE 10 INITRANS 2 MAXTRANS 255 COMPUTE STATISTICS 
  STORAGE(INITIAL 65536 NEXT 1048576 MINEXTENTS 1 MAXEXTENTS 2147483645
  PCTINCREASE 0 FREELISTS 1 FREELIST GROUPS 1
  BUFFER_POOL DEFAULT FLASH_CACHE DEFAULT CELL_FLASH_CACHE DEFAULT)
  TABLESPACE "USERS"  ENABLE;
  ALTER TABLE "TEST3"."MENETREND" MODIFY ("KM" NOT NULL ENABLE);
  ALTER TABLE "TEST3"."MENETREND" MODIFY ("DATUM_ERKEZIK" NOT NULL ENABLE);
  ALTER TABLE "TEST3"."MENETREND" MODIFY ("DATUM_INDUL" NOT NULL ENABLE);
  ALTER TABLE "TEST3"."MENETREND" MODIFY ("HOVA" NOT NULL ENABLE);
  ALTER TABLE "TEST3"."MENETREND" MODIFY ("HONNAN" NOT NULL ENABLE);
  ALTER TABLE "TEST3"."MENETREND" MODIFY ("JARATSZAM" NOT NULL ENABLE);
--------------------------------------------------------
--  Constraints for Table VAROSOK
--------------------------------------------------------

  ALTER TABLE "TEST3"."VAROSOK" ADD CONSTRAINT "VAROSOK_PK" PRIMARY KEY ("NEV")
  USING INDEX PCTFREE 10 INITRANS 2 MAXTRANS 255 COMPUTE STATISTICS 
  STORAGE(INITIAL 65536 NEXT 1048576 MINEXTENTS 1 MAXEXTENTS 2147483645
  PCTINCREASE 0 FREELISTS 1 FREELIST GROUPS 1
  BUFFER_POOL DEFAULT FLASH_CACHE DEFAULT CELL_FLASH_CACHE DEFAULT)
  TABLESPACE "USERS"  ENABLE;
--------------------------------------------------------
--  Constraints for Table VASARLAS
--------------------------------------------------------

  ALTER TABLE "TEST3"."VASARLAS" MODIFY ("DB" NOT NULL ENABLE);
  ALTER TABLE "TEST3"."VASARLAS" ADD CONSTRAINT "VASARLAS_PK" PRIMARY KEY ("TRANZAKCIOSZAM")
  USING INDEX PCTFREE 10 INITRANS 2 MAXTRANS 255 COMPUTE STATISTICS 
  STORAGE(INITIAL 65536 NEXT 1048576 MINEXTENTS 1 MAXEXTENTS 2147483645
  PCTINCREASE 0 FREELISTS 1 FREELIST GROUPS 1
  BUFFER_POOL DEFAULT FLASH_CACHE DEFAULT CELL_FLASH_CACHE DEFAULT)
  TABLESPACE "USERS"  ENABLE;
  ALTER TABLE "TEST3"."VASARLAS" MODIFY ("MEDDIG" NOT NULL ENABLE);
  ALTER TABLE "TEST3"."VASARLAS" MODIFY ("METTOL" NOT NULL ENABLE);
  ALTER TABLE "TEST3"."VASARLAS" MODIFY ("BEFIZETETT_OSSZEG" NOT NULL ENABLE);
  ALTER TABLE "TEST3"."VASARLAS" MODIFY ("TRANZAKCIOSZAM" NOT NULL ENABLE);
--------------------------------------------------------
--  Ref Constraints for Table ARNAPLO
--------------------------------------------------------

  ALTER TABLE "TEST3"."ARNAPLO" ADD CONSTRAINT "ARNAPLO_FK1" FOREIGN KEY ("TIPUS")
	  REFERENCES "TEST3"."JEGYEK" ("TIPUS") ON DELETE CASCADE ENABLE;
--------------------------------------------------------
--  Ref Constraints for Table DOLGOZOK
--------------------------------------------------------

  ALTER TABLE "TEST3"."DOLGOZOK" ADD CONSTRAINT "DOLGOZOK_FK1" FOREIGN KEY ("BEOSZTAS")
	  REFERENCES "TEST3"."BEOSZTAS" ("MEGNEVEZES") ENABLE;
--------------------------------------------------------
--  Ref Constraints for Table FIZNAPLO
--------------------------------------------------------

  ALTER TABLE "TEST3"."FIZNAPLO" ADD CONSTRAINT "FIZNAPLO_FK1" FOREIGN KEY ("SZEMELYISZAM")
	  REFERENCES "TEST3"."DOLGOZOK" ("SZEMELYISZAM") ON DELETE SET NULL ENABLE;
--------------------------------------------------------
--  Ref Constraints for Table LOGINNAPLO
--------------------------------------------------------

  ALTER TABLE "TEST3"."LOGINNAPLO" ADD CONSTRAINT "LOGINNAPLO_FK1" FOREIGN KEY ("SZEMELYISZAM")
	  REFERENCES "TEST3"."DOLGOZOK" ("SZEMELYISZAM") ON DELETE SET NULL ENABLE;
--------------------------------------------------------
--  Ref Constraints for Table MENETREND
--------------------------------------------------------

  ALTER TABLE "TEST3"."MENETREND" ADD CONSTRAINT "HONNAN" FOREIGN KEY ("HONNAN")
	  REFERENCES "TEST3"."VAROSOK" ("NEV") ENABLE;
  ALTER TABLE "TEST3"."MENETREND" ADD CONSTRAINT "HOVA" FOREIGN KEY ("HOVA")
	  REFERENCES "TEST3"."VAROSOK" ("NEV") ENABLE;
--------------------------------------------------------
--  Ref Constraints for Table VASARLAS
--------------------------------------------------------

  ALTER TABLE "TEST3"."VASARLAS" ADD CONSTRAINT "JARAT" FOREIGN KEY ("JARATSZAM")
	  REFERENCES "TEST3"."MENETREND" ("JARATSZAM") ON DELETE SET NULL ENABLE;
  ALTER TABLE "TEST3"."VASARLAS" ADD CONSTRAINT "VASARLAS_FK1" FOREIGN KEY ("SZEMELYISZAM")
	  REFERENCES "TEST3"."DOLGOZOK" ("SZEMELYISZAM") ON DELETE SET NULL ENABLE;
  ALTER TABLE "TEST3"."VASARLAS" ADD CONSTRAINT "VASAROL" FOREIGN KEY ("JEGY_TIPUS")
	  REFERENCES "TEST3"."JEGYEK" ("TIPUS") ON DELETE SET NULL ENABLE;


--------------------------------------------------------
--  DDL for Trigger AR_NAPLO
--------------------------------------------------------

  CREATE OR REPLACE EDITIONABLE TRIGGER "TEST3"."AR_NAPLO" 
AFTER UPDATE OF ar OR INSERT ON jegyek
FOR EACH ROW
 WHEN (OLD.ar != NEW.ar) BEGIN
    IF UPDATING THEN 
        INSERT INTO arnaplo VALUES (SYSDATE, :OLD.ar, :NEW.ar, :NEW.tipus);
    ELSIF INSERTING THEN
        INSERT INTO arnaplo VALUES (SYSDATE, 0, :NEW.ar, :NEW.tipus);
    END IF;
END;
/
ALTER TRIGGER "TEST3"."AR_NAPLO" ENABLE;
--------------------------------------------------------
--  DDL for Trigger FIZ_NAPLO
--------------------------------------------------------

  CREATE OR REPLACE EDITIONABLE TRIGGER "TEST3"."FIZ_NAPLO" 
AFTER UPDATE OF fizetes OR INSERT ON dolgozok
FOR EACH ROW
 WHEN (OLD.fizetes != NEW.fizetes) BEGIN
    IF UPDATING THEN 
        INSERT INTO fiznaplo VALUES (SYSDATE, :OLD.fizetes, :NEW.fizetes, :NEW.szemelyiszam);
    ELSIF INSERTING THEN
        INSERT INTO fiznaplo VALUES (SYSDATE, 0, :NEW.fizetes, :NEW.szemelyiszam);
    END IF;
END;
/
ALTER TRIGGER "TEST3"."FIZ_NAPLO" ENABLE;
--------------------------------------------------------
--  DDL for Trigger LOGIN_NAPLOZAS_BE
--------------------------------------------------------

  CREATE OR REPLACE EDITIONABLE TRIGGER "TEST3"."LOGIN_NAPLOZAS_BE" 
AFTER LOGON ON DATABASE
BEGIN
    INSERT INTO loginnaplo VALUES (SYSDATE, USER, NULL);
END;
/
ALTER TRIGGER "TEST3"."LOGIN_NAPLOZAS_BE" ENABLE;
--------------------------------------------------------
--  DDL for Trigger LOGIN_NAPLOZAS_KI
--------------------------------------------------------

  CREATE OR REPLACE EDITIONABLE TRIGGER "TEST3"."LOGIN_NAPLOZAS_KI" 
BEFORE LOGOFF ON DATABASE
BEGIN
    INSERT INTO loginnaplo VALUES (SYSDATE, USER, NULL);
END;
/
ALTER TRIGGER "TEST3"."LOGIN_NAPLOZAS_KI" ENABLE;



--------------------------------------------------------
--  DDL for Procedure JEGY_ELLENORZES
--------------------------------------------------------
set define off;

  CREATE OR REPLACE EDITIONABLE PROCEDURE "TEST3"."JEGY_ELLENORZES" (tranzakcioszamm IN NUMBER, jaratszamm IN NUMBER )
IS
    jegy vasarlas%ROWTYPE;
    szoveg varchar2(40);
BEGIN
    SELECT * INTO jegy FROM VASARLAS WHERE tranzakcioszam = tranzakcioszamm;

    IF jegy.jaratszam != jaratszamm AND jegy.meddig >= SYSDATE THEN
        RAISE_APPLICATION_ERROR(-20001, 'Nem erre a járatra szól a jegy!');
    ELSIF  jegy.meddig < SYSDATE OR jegy.jaratszam != jaratszamm  THEN
        RAISE_APPLICATION_ERROR(-20001, 'A jegy érvénytelen!');
    ELSIF jegy.mettol > SYSDATE  THEN
        RAISE_APPLICATION_ERROR(-20001, 'A jegyre szóló járat még nem indult el!');
    ELSE 
        szoveg := CONCAT(tranzakcioszamm,'számú jegy érvényes!');
        DBMS_OUTPUT.PUT_LINE (szoveg);
    END IF;
END;

/
--------------------------------------------------------
--  DDL for Procedure NEW_JARAT
--------------------------------------------------------
set define off;

  CREATE OR REPLACE EDITIONABLE PROCEDURE "TEST3"."NEW_JARAT" (varos1 IN VARCHAR2, varos2 IN VARCHAR2,
time_indul IN VARCHAR2, time_erkezik IN VARCHAR2,
tav IN NUMBER, potjegy_ar IN NUMBER
)
IS
    time_start DATE  := TO_DATE(time_indul, 'YYYY-MM-DD HH24:MI:SS');
    time_end DATE  := TO_DATE(time_erkezik, 'YYYY-MM-DD HH24:MI:SS');
    new_jaratszam NUMBER;
    szoveg varchar2(40);
BEGIN
    SELECT COUNT(*)INTO new_jaratszam FROM menetrend;
    IF new_jaratszam != 0  THEN
         SELECT MAX(jaratszam)INTO new_jaratszam FROM menetrend;
    END IF;
    IF varos1 = varos2 THEN
       RAISE_APPLICATION_ERROR(-20001, 'A városok nem eggyezhetnek meg!');
    ELSIF  time_start >= time_end  THEN
        RAISE_APPLICATION_ERROR(-20001, 'Helytelen indulási, érkezési idõ!');
    ELSE 
        new_jaratszam := new_jaratszam + 1;
        INSERT INTO MENETREND (JARATSZAM, HONNAN, HOVA, DATUM_INDUL, DATUM_ERKEZIK, KM, POTJEGY) VALUES
        (new_jaratszam, varos1, varos2, time_start, time_end, tav, potjegy_ar);
        szoveg := CONCAT(new_jaratszam,' számú jegy érvényes!');
        DBMS_OUTPUT.PUT_LINE (szoveg);
    END IF;
END;

/
--------------------------------------------------------
--  DDL for Procedure NEW_VASARLAS
--------------------------------------------------------
set define off;

  CREATE OR REPLACE EDITIONABLE PROCEDURE "TEST3"."NEW_VASARLAS" (
jaratszamm IN NUMBER, jegy_tipus IN VARCHAR2 , db IN NUMBER , szemelyiszamm IN CHAR
)
IS
    check_var NUMBER;
    ut NUMBER;
    osszeg NUMBER := 0;
    potjegy_ar NUMBER := 0;
    mettol DATE;
    meddig DATE;
    tranzakcioszam_max NUMBER(38,0); 
BEGIN
    SELECT datum_indul INTO mettol FROM menetrend WHERE jaratszamm = jaratszam;
    SELECT datum_erkezik INTO meddig FROM menetrend WHERE jaratszamm = jaratszam;
        -- ellenörzés, hogy még megy-e a járat
        -- járat indulása után még 15perccel lehet venni jegyet
    IF (mettol + (1/1440*15)) < SYSDATE THEN
        RAISE_APPLICATION_ERROR(2004, 'A Járatra már nem lehet venni jegyet');
    END IF;
        -- jegy érvényességének kieglészítése + idõvel, késések, stb végett
    mettol := mettol - (1/1440*15); --15p
    meddig := meddig + (1/1440*30); --30p

    -- alapérték beállítás ha nincs még rekord a táblában
    select count(*)INTO check_var from vasarlas; 
    IF check_var = 0 THEN
        tranzakcioszam_max := 0;
    ELSE 
     SELECT MAX(tranzakcioszam) INTO tranzakcioszam_max FROM vasarlas;
    END IF;

      -- végösszeg összeszámolása
    SELECT AR INTO osszeg FROM JEGYEK WHERE tipus LIKE jegy_tipus;
    SELECT potjegy INTO potjegy_ar FROM menetrend WHERE jaratszamm = jaratszam;
    SELECT km INTO ut FROM menetrend WHERE jaratszamm = jaratszam;
    osszeg := ( (osszeg * (ut/10)) + potjegy_ar ) * db ;

    tranzakcioszam_max := tranzakcioszam_max + 1;
    INSERT INTO "VASARLAS" (TRANZAKCIOSZAM, BEFIZETETT_OSSZEG, METTOL, MEDDIG, JEGY_TIPUS, DB, JARATSZAM, SZEMELYISZAM) 
    VALUES (tranzakcioszam_max, osszeg,
            mettol,meddig,
             jegy_tipus, db, jaratszamm, szemelyiszamm );
END;

/

--bosztás
Insert into BEOSZTAS (MEGNEVEZES) values ('Kalauz');
Insert into BEOSZTAS (MEGNEVEZES) values ('Karbantartó');
Insert into BEOSZTAS (MEGNEVEZES) values ('Pénztáros');

-- dolgozok
Insert into DOLGOZOK (VEZNEV,KERNEV,FIZETES,SZEMELYISZAM,JELSZO,BEOSZTAS) values ('Cseh','Kristóf Péter','0','000001HU','123','Kalauz');
Insert into DOLGOZOK (VEZNEV,KERNEV,FIZETES,SZEMELYISZAM,JELSZO,BEOSZTAS) values ('Cseh','Kartal','0','000002HU','123','Kalauz');
Insert into DOLGOZOK (VEZNEV,KERNEV,FIZETES,SZEMELYISZAM,JELSZO,BEOSZTAS) values ('Kovács','Béla','0','000003HU','123','Kalauz');

Insert into DOLGOZOK (VEZNEV,KERNEV,FIZETES,SZEMELYISZAM,JELSZO,BEOSZTAS) values ('Cseh','Viktor','0','000011HU','123','Pénztáros');
Insert into DOLGOZOK (VEZNEV,KERNEV,FIZETES,SZEMELYISZAM,JELSZO,BEOSZTAS) values ('Orbán','Viktor','0','000012HU','123','Pénztáros');
Insert into DOLGOZOK (VEZNEV,KERNEV,FIZETES,SZEMELYISZAM,JELSZO,BEOSZTAS) values ('Orbán','László','0','000013HU','123','Pénztáros');
Insert into DOLGOZOK (VEZNEV,KERNEV,FIZETES,SZEMELYISZAM,JELSZO,BEOSZTAS) values ('Illés','Bence','0','000014HU','123','Pénztáros');
Insert into DOLGOZOK (VEZNEV,KERNEV,FIZETES,SZEMELYISZAM,JELSZO,BEOSZTAS) values ('Illés','Elemér','0','000015HU','123','Pénztáros');

Insert into DOLGOZOK (VEZNEV,KERNEV,FIZETES,SZEMELYISZAM,JELSZO,BEOSZTAS) values ('Nyúl','Béla','0','000021HU','123','Karbantartó');
Insert into DOLGOZOK (VEZNEV,KERNEV,FIZETES,SZEMELYISZAM,JELSZO,BEOSZTAS) values ('Nyúl','Beáta','0','000022HU','123','Karbantartó');
Insert into DOLGOZOK (VEZNEV,KERNEV,FIZETES,SZEMELYISZAM,JELSZO,BEOSZTAS) values ('Szekeres','Béla','0','000023HU','123','Karbantartó');
Insert into DOLGOZOK (VEZNEV,KERNEV,FIZETES,SZEMELYISZAM,JELSZO,BEOSZTAS) values ('Kovács','Péter','0','000024HU','123','Karbantartó');
-- 12 + 12 = 24
Update DOLGOZOK set FIZETES =  300300 WHERE  SZEMELYISZAM LIKE '000001HU';
Update DOLGOZOK set FIZETES =  300500 WHERE  SZEMELYISZAM LIKE '000002HU';
Update DOLGOZOK set FIZETES =  300500 WHERE  SZEMELYISZAM LIKE '000003HU';

Update DOLGOZOK set FIZETES =  250000 WHERE  SZEMELYISZAM LIKE '000011HU';
Update DOLGOZOK set FIZETES =  200000 WHERE  SZEMELYISZAM LIKE '000012HU';
Update DOLGOZOK set FIZETES =  200000 WHERE  SZEMELYISZAM LIKE '000013HU';
Update DOLGOZOK set FIZETES =  260000 WHERE  SZEMELYISZAM LIKE '000014HU';
Update DOLGOZOK set FIZETES =  260000 WHERE  SZEMELYISZAM LIKE '000015HU';

Update DOLGOZOK set FIZETES =  460200 WHERE  SZEMELYISZAM LIKE '000021HU';
Update DOLGOZOK set FIZETES =  460200 WHERE  SZEMELYISZAM LIKE '000022HU';
Update DOLGOZOK set FIZETES =  400000 WHERE  SZEMELYISZAM LIKE '000023HU';
Update DOLGOZOK set FIZETES =  400000 WHERE  SZEMELYISZAM LIKE '000024HU';
--12
/*
Update DOLGOZOK set FIZETES =  310300 WHERE  SZEMELYISZAM LIKE '000001HU';

Update DOLGOZOK set FIZETES =  300000 WHERE  SZEMELYISZAM LIKE '000011HU';
Update DOLGOZOK set FIZETES =  250000 WHERE  SZEMELYISZAM LIKE '000012HU';

Update DOLGOZOK set FIZETES =  470200 WHERE  SZEMELYISZAM LIKE '000021HU';
Update DOLGOZOK set FIZETES =  450000 WHERE  SZEMELYISZAM LIKE '000022HU';
Update DOLGOZOK set FIZETES =  470000 WHERE  SZEMELYISZAM LIKE '000022HU';*/
-- sum() = 42

--jegy típusok
Insert into JEGYEK (TIPUS,AR) values ('felnõtt','0');
Insert into JEGYEK (TIPUS,AR) values ('diák','0');
Insert into JEGYEK (TIPUS,AR) values ('nem természetes személy','0');
Insert into JEGYEK (TIPUS,AR) values ('bicikli','0');
Insert into JEGYEK (TIPUS,AR) values ('nyugdíjas','0');

UPDATE JEGYEK set AR = 90;/*
UPDATE JEGYEK set AR = 100;
-- 20fb
UPDATE JEGYEK set AR = 100 where TIPUS LIKE 'felnõtt';
UPDATE JEGYEK set AR = 50 where TIPUS LIKE 'diák';
UPDATE JEGYEK set AR = 150 where TIPUS LIKE 'nem természetes személy';
UPDATE JEGYEK set AR = 20 where TIPUS LIKE 'bicikli';
UPDATE JEGYEK set AR = 10 where TIPUS LIKE 'nyugdíjas';*/
--sum = 25
-- városok 7db
Insert into VAROSOK (NEV) values ('Budapest');
Insert into VAROSOK (NEV) values ('Felcsút');
Insert into VAROSOK (NEV) values ('Alcsút');
Insert into VAROSOK (NEV) values ('Szeged');
Insert into VAROSOK (NEV) values ('Hódmezõvásárhely');
Insert into VAROSOK (NEV) values ('Kecskemét');
Insert into VAROSOK (NEV) values ('Pécs');

-- menetrend (járatok)

--BP -Felcsút
Insert into MENETREND (JARATSZAM,HONNAN,HOVA,DATUM_INDUL,DATUM_ERKEZIK,KM,POTJEGY) values ('1','Budapest','Felcsút',to_date('2022-04-24 12:00:00','yyyy-mm-dd HH24:MI:SS'),to_date('2022-04-24 12:45:00','yyyy-mm-dd HH24:MI:SS'),'50','100');
Insert into MENETREND (JARATSZAM,HONNAN,HOVA,DATUM_INDUL,DATUM_ERKEZIK,KM,POTJEGY) values ('2','Budapest','Felcsút',to_date('2022-04-25 12:00:00','yyyy-mm-dd HH24:MI:SS'),to_date('2022-04-25 12:45:00','yyyy-mm-dd HH24:MI:SS'),'50','100');
Insert into MENETREND (JARATSZAM,HONNAN,HOVA,DATUM_INDUL,DATUM_ERKEZIK,KM,POTJEGY) values ('3','Budapest','Felcsút',to_date('2022-04-26 12:00:00','yyyy-mm-dd HH24:MI:SS'),to_date('2022-04-26 12:45:00','yyyy-mm-dd HH24:MI:SS'),'50','100');
Insert into MENETREND (JARATSZAM,HONNAN,HOVA,DATUM_INDUL,DATUM_ERKEZIK,KM,POTJEGY) values ('4','Budapest','Felcsút',to_date('2022-04-27 12:00:00','yyyy-mm-dd HH24:MI:SS'),to_date('2022-04-27 12:45:00','yyyy-mm-dd HH24:MI:SS'),'50','100');
Insert into MENETREND (JARATSZAM,HONNAN,HOVA,DATUM_INDUL,DATUM_ERKEZIK,KM,POTJEGY) values ('5','Budapest','Felcsút',to_date('2022-04-28 12:00:00','yyyy-mm-dd HH24:MI:SS'),to_date('2022-04-28 12:45:00','yyyy-mm-dd HH24:MI:SS'),'50','100');
Insert into MENETREND (JARATSZAM,HONNAN,HOVA,DATUM_INDUL,DATUM_ERKEZIK,KM,POTJEGY) values ('6','Budapest','Felcsút',to_date('2022-05-01 12:00:00','yyyy-mm-dd HH24:MI:SS'),to_date('2022-05-01 12:45:00','yyyy-mm-dd HH24:MI:SS'),'50','100');
Insert into MENETREND (JARATSZAM,HONNAN,HOVA,DATUM_INDUL,DATUM_ERKEZIK,KM,POTJEGY) values ('7','Budapest','Felcsút',to_date('2022-05-02 12:00:00','yyyy-mm-dd HH24:MI:SS'),to_date('2022-05-02 12:45:00','yyyy-mm-dd HH24:MI:SS'),'50','100');
Insert into MENETREND (JARATSZAM,HONNAN,HOVA,DATUM_INDUL,DATUM_ERKEZIK,KM,POTJEGY) values ('8','Budapest','Felcsút',to_date('2022-05-03 12:00:00','yyyy-mm-dd HH24:MI:SS'),to_date('2022-05-03 12:45:00','yyyy-mm-dd HH24:MI:SS'),'50','100');
Insert into MENETREND (JARATSZAM,HONNAN,HOVA,DATUM_INDUL,DATUM_ERKEZIK,KM,POTJEGY) values ('9','Budapest','Felcsút',to_date('2022-05-04 12:00:00','yyyy-mm-dd HH24:MI:SS'),to_date('2022-05-04 12:45:00','yyyy-mm-dd HH24:MI:SS'),'50','100');
Insert into MENETREND (JARATSZAM,HONNAN,HOVA,DATUM_INDUL,DATUM_ERKEZIK,KM,POTJEGY) values ('10','Budapest','Felcsút',to_date('2022-05-05 12:00:00','yyyy-mm-dd HH24:MI:SS'),to_date('2022-05-05 12:45:00','yyyy-mm-dd HH24:MI:SS'),'50','100');
--10db
Insert into MENETREND (JARATSZAM,HONNAN,HOVA,DATUM_INDUL,DATUM_ERKEZIK,KM,POTJEGY) values ('11','Felcsút','Budapest',to_date('2022-04-24 12:00:00','yyyy-mm-dd HH24:MI:SS'),to_date('2022-04-24 12:45:00','yyyy-mm-dd HH24:MI:SS'),'50','100');
Insert into MENETREND (JARATSZAM,HONNAN,HOVA,DATUM_INDUL,DATUM_ERKEZIK,KM,POTJEGY) values ('12','Felcsút','Budapest',to_date('2022-04-25 12:00:00','yyyy-mm-dd HH24:MI:SS'),to_date('2022-04-25 12:45:00','yyyy-mm-dd HH24:MI:SS'),'50','100');
Insert into MENETREND (JARATSZAM,HONNAN,HOVA,DATUM_INDUL,DATUM_ERKEZIK,KM,POTJEGY) values ('13','Felcsút','Budapest',to_date('2022-04-26 12:00:00','yyyy-mm-dd HH24:MI:SS'),to_date('2022-04-26 12:45:00','yyyy-mm-dd HH24:MI:SS'),'50','100');
Insert into MENETREND (JARATSZAM,HONNAN,HOVA,DATUM_INDUL,DATUM_ERKEZIK,KM,POTJEGY) values ('14','Felcsút','Budapest',to_date('2022-04-27 12:00:00','yyyy-mm-dd HH24:MI:SS'),to_date('2022-04-27 12:45:00','yyyy-mm-dd HH24:MI:SS'),'50','100');
Insert into MENETREND (JARATSZAM,HONNAN,HOVA,DATUM_INDUL,DATUM_ERKEZIK,KM,POTJEGY) values ('15','Felcsút','Budapest',to_date('2022-04-28 12:00:00','yyyy-mm-dd HH24:MI:SS'),to_date('2022-04-28 12:45:00','yyyy-mm-dd HH24:MI:SS'),'50','100');
Insert into MENETREND (JARATSZAM,HONNAN,HOVA,DATUM_INDUL,DATUM_ERKEZIK,KM,POTJEGY) values ('16','Felcsút','Budapest',to_date('2022-05-01 12:00:00','yyyy-mm-dd HH24:MI:SS'),to_date('2022-05-01 12:45:00','yyyy-mm-dd HH24:MI:SS'),'50','100');
Insert into MENETREND (JARATSZAM,HONNAN,HOVA,DATUM_INDUL,DATUM_ERKEZIK,KM,POTJEGY) values ('17','Felcsút','Budapest',to_date('2022-05-02 12:00:00','yyyy-mm-dd HH24:MI:SS'),to_date('2022-05-02 12:45:00','yyyy-mm-dd HH24:MI:SS'),'50','100');
Insert into MENETREND (JARATSZAM,HONNAN,HOVA,DATUM_INDUL,DATUM_ERKEZIK,KM,POTJEGY) values ('18','Felcsút','Budapest',to_date('2022-05-03 12:00:00','yyyy-mm-dd HH24:MI:SS'),to_date('2022-05-03 12:45:00','yyyy-mm-dd HH24:MI:SS'),'50','100');
Insert into MENETREND (JARATSZAM,HONNAN,HOVA,DATUM_INDUL,DATUM_ERKEZIK,KM,POTJEGY) values ('19','Felcsút','Budapest',to_date('2022-05-04 12:00:00','yyyy-mm-dd HH24:MI:SS'),to_date('2022-05-04 12:45:00','yyyy-mm-dd HH24:MI:SS'),'50','100');
Insert into MENETREND (JARATSZAM,HONNAN,HOVA,DATUM_INDUL,DATUM_ERKEZIK,KM,POTJEGY) values ('20','Felcsút','Budapest',to_date('2022-05-05 12:00:00','yyyy-mm-dd HH24:MI:SS'),to_date('2022-05-05 12:45:00','yyyy-mm-dd HH24:MI:SS'),'50','100');
--10db

Insert into MENETREND (JARATSZAM,HONNAN,HOVA,DATUM_INDUL,DATUM_ERKEZIK,KM,POTJEGY) values ('21','Alcsút','Budapest',to_date('2022-04-24 12:00:00','yyyy-mm-dd HH24:MI:SS'),to_date('2022-04-24 12:45:00','yyyy-mm-dd HH24:MI:SS'),'50','100');
Insert into MENETREND (JARATSZAM,HONNAN,HOVA,DATUM_INDUL,DATUM_ERKEZIK,KM,POTJEGY) values ('22','Alcsút','Budapest',to_date('2022-04-25 12:00:00','yyyy-mm-dd HH24:MI:SS'),to_date('2022-04-25 12:45:00','yyyy-mm-dd HH24:MI:SS'),'50','100');
Insert into MENETREND (JARATSZAM,HONNAN,HOVA,DATUM_INDUL,DATUM_ERKEZIK,KM,POTJEGY) values ('23','Alcsút','Budapest',to_date('2022-04-26 12:00:00','yyyy-mm-dd HH24:MI:SS'),to_date('2022-04-26 12:45:00','yyyy-mm-dd HH24:MI:SS'),'50','100');
Insert into MENETREND (JARATSZAM,HONNAN,HOVA,DATUM_INDUL,DATUM_ERKEZIK,KM,POTJEGY) values ('24','Alcsút','Budapest',to_date('2022-04-27 12:00:00','yyyy-mm-dd HH24:MI:SS'),to_date('2022-04-27 12:45:00','yyyy-mm-dd HH24:MI:SS'),'50','100');
Insert into MENETREND (JARATSZAM,HONNAN,HOVA,DATUM_INDUL,DATUM_ERKEZIK,KM,POTJEGY) values ('25','Alcsút','Budapest',to_date('2022-04-28 12:00:00','yyyy-mm-dd HH24:MI:SS'),to_date('2022-04-28 12:45:00','yyyy-mm-dd HH24:MI:SS'),'50','100');
Insert into MENETREND (JARATSZAM,HONNAN,HOVA,DATUM_INDUL,DATUM_ERKEZIK,KM,POTJEGY) values ('26','Alcsút','Budapest',to_date('2022-05-01 12:00:00','yyyy-mm-dd HH24:MI:SS'),to_date('2022-05-01 12:45:00','yyyy-mm-dd HH24:MI:SS'),'50','100');
Insert into MENETREND (JARATSZAM,HONNAN,HOVA,DATUM_INDUL,DATUM_ERKEZIK,KM,POTJEGY) values ('27','Alcsút','Budapest',to_date('2022-05-02 12:00:00','yyyy-mm-dd HH24:MI:SS'),to_date('2022-05-02 12:45:00','yyyy-mm-dd HH24:MI:SS'),'50','100');
Insert into MENETREND (JARATSZAM,HONNAN,HOVA,DATUM_INDUL,DATUM_ERKEZIK,KM,POTJEGY) values ('28','Alcsút','Budapest',to_date('2022-05-03 12:00:00','yyyy-mm-dd HH24:MI:SS'),to_date('2022-05-03 12:45:00','yyyy-mm-dd HH24:MI:SS'),'50','100');
Insert into MENETREND (JARATSZAM,HONNAN,HOVA,DATUM_INDUL,DATUM_ERKEZIK,KM,POTJEGY) values ('29','Alcsút','Budapest',to_date('2022-05-04 12:00:00','yyyy-mm-dd HH24:MI:SS'),to_date('2022-05-04 12:45:00','yyyy-mm-dd HH24:MI:SS'),'50','100');
Insert into MENETREND (JARATSZAM,HONNAN,HOVA,DATUM_INDUL,DATUM_ERKEZIK,KM,POTJEGY) values ('30','Alcsút','Budapest',to_date('2022-05-05 12:00:00','yyyy-mm-dd HH24:MI:SS'),to_date('2022-05-05 12:45:00','yyyy-mm-dd HH24:MI:SS'),'50','100');
--10db
Insert into MENETREND (JARATSZAM,HONNAN,HOVA,DATUM_INDUL,DATUM_ERKEZIK,KM,POTJEGY) values ('31','Budapest','Felcsút',to_date('2022-05-24 12:00:00','yyyy-mm-dd HH24:MI:SS'),to_date('2022-05-24 12:45:00','yyyy-mm-dd HH24:MI:SS'),'50','100');
Insert into MENETREND (JARATSZAM,HONNAN,HOVA,DATUM_INDUL,DATUM_ERKEZIK,KM,POTJEGY) values ('32','Budapest','Felcsút',to_date('2022-05-25 12:00:00','yyyy-mm-dd HH24:MI:SS'),to_date('2022-05-25 12:45:00','yyyy-mm-dd HH24:MI:SS'),'50','100');
Insert into MENETREND (JARATSZAM,HONNAN,HOVA,DATUM_INDUL,DATUM_ERKEZIK,KM,POTJEGY) values ('33','Budapest','Felcsút',to_date('2022-05-26 12:00:00','yyyy-mm-dd HH24:MI:SS'),to_date('2022-05-26 12:45:00','yyyy-mm-dd HH24:MI:SS'),'50','100');
Insert into MENETREND (JARATSZAM,HONNAN,HOVA,DATUM_INDUL,DATUM_ERKEZIK,KM,POTJEGY) values ('34','Budapest','Felcsút',to_date('2022-05-27 12:00:00','yyyy-mm-dd HH24:MI:SS'),to_date('2022-05-27 12:45:00','yyyy-mm-dd HH24:MI:SS'),'50','100');
Insert into MENETREND (JARATSZAM,HONNAN,HOVA,DATUM_INDUL,DATUM_ERKEZIK,KM,POTJEGY) values ('35','Budapest','Felcsút',to_date('2022-05-28 12:00:00','yyyy-mm-dd HH24:MI:SS'),to_date('2022-05-28 12:45:00','yyyy-mm-dd HH24:MI:SS'),'50','100');
Insert into MENETREND (JARATSZAM,HONNAN,HOVA,DATUM_INDUL,DATUM_ERKEZIK,KM,POTJEGY) values ('36','Budapest','Felcsút',to_date('2022-06-01 12:00:00','yyyy-mm-dd HH24:MI:SS'),to_date('2022-06-01 12:45:00','yyyy-mm-dd HH24:MI:SS'),'50','100');
Insert into MENETREND (JARATSZAM,HONNAN,HOVA,DATUM_INDUL,DATUM_ERKEZIK,KM,POTJEGY) values ('37','Budapest','Felcsút',to_date('2022-06-02 12:00:00','yyyy-mm-dd HH24:MI:SS'),to_date('2022-06-02 12:45:00','yyyy-mm-dd HH24:MI:SS'),'50','100');
Insert into MENETREND (JARATSZAM,HONNAN,HOVA,DATUM_INDUL,DATUM_ERKEZIK,KM,POTJEGY) values ('38','Budapest','Felcsút',to_date('2022-06-03 12:00:00','yyyy-mm-dd HH24:MI:SS'),to_date('2022-06-03 12:45:00','yyyy-mm-dd HH24:MI:SS'),'50','100');
Insert into MENETREND (JARATSZAM,HONNAN,HOVA,DATUM_INDUL,DATUM_ERKEZIK,KM,POTJEGY) values ('39','Budapest','Felcsút',to_date('2022-06-04 12:00:00','yyyy-mm-dd HH24:MI:SS'),to_date('2022-06-04 12:45:00','yyyy-mm-dd HH24:MI:SS'),'50','100');
Insert into MENETREND (JARATSZAM,HONNAN,HOVA,DATUM_INDUL,DATUM_ERKEZIK,KM,POTJEGY) values ('40','Budapest','Felcsút',to_date('2022-06-05 12:00:00','yyyy-mm-dd HH24:MI:SS'),to_date('2022-06-05 12:45:00','yyyy-mm-dd HH24:MI:SS'),'50','100');
--10db
Insert into MENETREND (JARATSZAM,HONNAN,HOVA,DATUM_INDUL,DATUM_ERKEZIK,KM,POTJEGY) values ('41','Felcsút','Budapest',to_date('2022-05-24 12:00:00','yyyy-mm-dd HH24:MI:SS'),to_date('2022-05-24 12:45:00','yyyy-mm-dd HH24:MI:SS'),'50','100');
Insert into MENETREND (JARATSZAM,HONNAN,HOVA,DATUM_INDUL,DATUM_ERKEZIK,KM,POTJEGY) values ('42','Felcsút','Budapest',to_date('2022-05-25 12:00:00','yyyy-mm-dd HH24:MI:SS'),to_date('2022-05-25 12:45:00','yyyy-mm-dd HH24:MI:SS'),'50','100');
Insert into MENETREND (JARATSZAM,HONNAN,HOVA,DATUM_INDUL,DATUM_ERKEZIK,KM,POTJEGY) values ('43','Felcsút','Budapest',to_date('2022-05-26 12:00:00','yyyy-mm-dd HH24:MI:SS'),to_date('2022-05-26 12:45:00','yyyy-mm-dd HH24:MI:SS'),'50','100');
Insert into MENETREND (JARATSZAM,HONNAN,HOVA,DATUM_INDUL,DATUM_ERKEZIK,KM,POTJEGY) values ('44','Felcsút','Budapest',to_date('2022-05-27 12:00:00','yyyy-mm-dd HH24:MI:SS'),to_date('2022-05-27 12:45:00','yyyy-mm-dd HH24:MI:SS'),'50','100');
Insert into MENETREND (JARATSZAM,HONNAN,HOVA,DATUM_INDUL,DATUM_ERKEZIK,KM,POTJEGY) values ('45','Felcsút','Budapest',to_date('2022-05-28 12:00:00','yyyy-mm-dd HH24:MI:SS'),to_date('2022-05-28 12:45:00','yyyy-mm-dd HH24:MI:SS'),'50','100');
Insert into MENETREND (JARATSZAM,HONNAN,HOVA,DATUM_INDUL,DATUM_ERKEZIK,KM,POTJEGY) values ('46','Felcsút','Budapest',to_date('2022-06-01 12:00:00','yyyy-mm-dd HH24:MI:SS'),to_date('2022-06-01 12:45:00','yyyy-mm-dd HH24:MI:SS'),'50','100');
Insert into MENETREND (JARATSZAM,HONNAN,HOVA,DATUM_INDUL,DATUM_ERKEZIK,KM,POTJEGY) values ('47','Felcsút','Budapest',to_date('2022-06-02 12:00:00','yyyy-mm-dd HH24:MI:SS'),to_date('2022-06-02 12:45:00','yyyy-mm-dd HH24:MI:SS'),'50','100');
Insert into MENETREND (JARATSZAM,HONNAN,HOVA,DATUM_INDUL,DATUM_ERKEZIK,KM,POTJEGY) values ('48','Felcsút','Budapest',to_date('2022-06-03 12:00:00','yyyy-mm-dd HH24:MI:SS'),to_date('2022-06-03 12:45:00','yyyy-mm-dd HH24:MI:SS'),'50','100');
Insert into MENETREND (JARATSZAM,HONNAN,HOVA,DATUM_INDUL,DATUM_ERKEZIK,KM,POTJEGY) values ('49','Felcsút','Budapest',to_date('2022-06-04 12:00:00','yyyy-mm-dd HH24:MI:SS'),to_date('2022-06-04 12:45:00','yyyy-mm-dd HH24:MI:SS'),'50','100');
Insert into MENETREND (JARATSZAM,HONNAN,HOVA,DATUM_INDUL,DATUM_ERKEZIK,KM,POTJEGY) values ('50','Felcsút','Budapest',to_date('2022-06-05 12:00:00','yyyy-mm-dd HH24:MI:SS'),to_date('2022-06-05 12:45:00','yyyy-mm-dd HH24:MI:SS'),'50','100');
-- 40
-- !!!
-- BP Pécs
Insert into MENETREND (JARATSZAM,HONNAN,HOVA,DATUM_INDUL,DATUM_ERKEZIK,KM,POTJEGY) values ('51','Budapest','Pécs',to_date('2022-04-24 12:00:00','yyyy-mm-dd HH24:MI:SS'),to_date('2022-04-24 14:00:00','yyyy-mm-dd HH24:MI:SS'),'300','100');
Insert into MENETREND (JARATSZAM,HONNAN,HOVA,DATUM_INDUL,DATUM_ERKEZIK,KM,POTJEGY) values ('52','Budapest','Pécs',to_date('2022-04-25 12:00:00','yyyy-mm-dd HH24:MI:SS'),to_date('2022-04-25 14:00:00','yyyy-mm-dd HH24:MI:SS'),'300','100');
Insert into MENETREND (JARATSZAM,HONNAN,HOVA,DATUM_INDUL,DATUM_ERKEZIK,KM,POTJEGY) values ('53','Budapest','Pécs',to_date('2022-04-26 12:00:00','yyyy-mm-dd HH24:MI:SS'),to_date('2022-04-26 14:00:00','yyyy-mm-dd HH24:MI:SS'),'300','100');
Insert into MENETREND (JARATSZAM,HONNAN,HOVA,DATUM_INDUL,DATUM_ERKEZIK,KM,POTJEGY) values ('54','Budapest','Pécs',to_date('2022-04-27 12:00:00','yyyy-mm-dd HH24:MI:SS'),to_date('2022-04-27 14:00:00','yyyy-mm-dd HH24:MI:SS'),'300','100');
Insert into MENETREND (JARATSZAM,HONNAN,HOVA,DATUM_INDUL,DATUM_ERKEZIK,KM,POTJEGY) values ('55','Budapest','Pécs',to_date('2022-04-28 12:00:00','yyyy-mm-dd HH24:MI:SS'),to_date('2022-04-28 14:00:00','yyyy-mm-dd HH24:MI:SS'),'300','100');
Insert into MENETREND (JARATSZAM,HONNAN,HOVA,DATUM_INDUL,DATUM_ERKEZIK,KM,POTJEGY) values ('56','Budapest','Pécs',to_date('2022-05-01 12:00:00','yyyy-mm-dd HH24:MI:SS'),to_date('2022-05-01 14:00:00','yyyy-mm-dd HH24:MI:SS'),'300','100');
Insert into MENETREND (JARATSZAM,HONNAN,HOVA,DATUM_INDUL,DATUM_ERKEZIK,KM,POTJEGY) values ('57','Budapest','Pécs',to_date('2022-05-02 12:00:00','yyyy-mm-dd HH24:MI:SS'),to_date('2022-05-02 14:00:00','yyyy-mm-dd HH24:MI:SS'),'300','100');
Insert into MENETREND (JARATSZAM,HONNAN,HOVA,DATUM_INDUL,DATUM_ERKEZIK,KM,POTJEGY) values ('58','Budapest','Pécs',to_date('2022-05-03 12:00:00','yyyy-mm-dd HH24:MI:SS'),to_date('2022-05-03 14:00:00','yyyy-mm-dd HH24:MI:SS'),'300','100');
Insert into MENETREND (JARATSZAM,HONNAN,HOVA,DATUM_INDUL,DATUM_ERKEZIK,KM,POTJEGY) values ('59','Budapest','Pécs',to_date('2022-05-04 12:00:00','yyyy-mm-dd HH24:MI:SS'),to_date('2022-05-04 14:00:00','yyyy-mm-dd HH24:MI:SS'),'300','100');
Insert into MENETREND (JARATSZAM,HONNAN,HOVA,DATUM_INDUL,DATUM_ERKEZIK,KM,POTJEGY) values ('60','Budapest','Pécs',to_date('2022-05-05 12:00:00','yyyy-mm-dd HH24:MI:SS'),to_date('2022-05-05 14:00:00','yyyy-mm-dd HH24:MI:SS'),'300','100');
--10db
Insert into MENETREND (JARATSZAM,HONNAN,HOVA,DATUM_INDUL,DATUM_ERKEZIK,KM,POTJEGY) values ('61','Pécs','Budapest',to_date('2022-04-24 12:00:00','yyyy-mm-dd HH24:MI:SS'),to_date('2022-04-24 14:00:00','yyyy-mm-dd HH24:MI:SS'),'300','100');
Insert into MENETREND (JARATSZAM,HONNAN,HOVA,DATUM_INDUL,DATUM_ERKEZIK,KM,POTJEGY) values ('62','Pécs','Budapest',to_date('2022-04-25 12:00:00','yyyy-mm-dd HH24:MI:SS'),to_date('2022-04-25 14:00:00','yyyy-mm-dd HH24:MI:SS'),'300','100');
Insert into MENETREND (JARATSZAM,HONNAN,HOVA,DATUM_INDUL,DATUM_ERKEZIK,KM,POTJEGY) values ('63','Pécs','Budapest',to_date('2022-04-26 12:00:00','yyyy-mm-dd HH24:MI:SS'),to_date('2022-04-26 14:00:00','yyyy-mm-dd HH24:MI:SS'),'300','100');
Insert into MENETREND (JARATSZAM,HONNAN,HOVA,DATUM_INDUL,DATUM_ERKEZIK,KM,POTJEGY) values ('64','Pécs','Budapest',to_date('2022-04-27 12:00:00','yyyy-mm-dd HH24:MI:SS'),to_date('2022-04-27 14:00:00','yyyy-mm-dd HH24:MI:SS'),'300','100');
Insert into MENETREND (JARATSZAM,HONNAN,HOVA,DATUM_INDUL,DATUM_ERKEZIK,KM,POTJEGY) values ('65','Pécs','Budapest',to_date('2022-04-28 12:00:00','yyyy-mm-dd HH24:MI:SS'),to_date('2022-04-28 14:00:00','yyyy-mm-dd HH24:MI:SS'),'300','100');
Insert into MENETREND (JARATSZAM,HONNAN,HOVA,DATUM_INDUL,DATUM_ERKEZIK,KM,POTJEGY) values ('66','Pécs','Budapest',to_date('2022-05-01 12:00:00','yyyy-mm-dd HH24:MI:SS'),to_date('2022-05-01 14:00:00','yyyy-mm-dd HH24:MI:SS'),'300','100');
Insert into MENETREND (JARATSZAM,HONNAN,HOVA,DATUM_INDUL,DATUM_ERKEZIK,KM,POTJEGY) values ('67','Pécs','Budapest',to_date('2022-05-02 12:00:00','yyyy-mm-dd HH24:MI:SS'),to_date('2022-05-02 14:00:00','yyyy-mm-dd HH24:MI:SS'),'300','100');
Insert into MENETREND (JARATSZAM,HONNAN,HOVA,DATUM_INDUL,DATUM_ERKEZIK,KM,POTJEGY) values ('68','Pécs','Budapest',to_date('2022-05-03 12:00:00','yyyy-mm-dd HH24:MI:SS'),to_date('2022-05-03 14:00:00','yyyy-mm-dd HH24:MI:SS'),'300','100');
Insert into MENETREND (JARATSZAM,HONNAN,HOVA,DATUM_INDUL,DATUM_ERKEZIK,KM,POTJEGY) values ('69','Pécs','Budapest',to_date('2022-05-04 12:00:00','yyyy-mm-dd HH24:MI:SS'),to_date('2022-05-04 14:00:00','yyyy-mm-dd HH24:MI:SS'),'300','100');
Insert into MENETREND (JARATSZAM,HONNAN,HOVA,DATUM_INDUL,DATUM_ERKEZIK,KM,POTJEGY) values ('70','Pécs','Budapest',to_date('2022-05-05 12:00:00','yyyy-mm-dd HH24:MI:SS'),to_date('2022-05-05 14:00:00','yyyy-mm-dd HH24:MI:SS'),'300','100');
--10db
Insert into MENETREND (JARATSZAM,HONNAN,HOVA,DATUM_INDUL,DATUM_ERKEZIK,KM,POTJEGY) values ('71','Budapest','Pécs',to_date('2022-05-24 12:00:00','yyyy-mm-dd HH24:MI:SS'),to_date('2022-05-24 14:00:00','yyyy-mm-dd HH24:MI:SS'),'300','100');
Insert into MENETREND (JARATSZAM,HONNAN,HOVA,DATUM_INDUL,DATUM_ERKEZIK,KM,POTJEGY) values ('72','Budapest','Pécs',to_date('2022-05-25 12:00:00','yyyy-mm-dd HH24:MI:SS'),to_date('2022-05-25 14:00:00','yyyy-mm-dd HH24:MI:SS'),'300','100');
Insert into MENETREND (JARATSZAM,HONNAN,HOVA,DATUM_INDUL,DATUM_ERKEZIK,KM,POTJEGY) values ('73','Budapest','Pécs',to_date('2022-05-26 12:00:00','yyyy-mm-dd HH24:MI:SS'),to_date('2022-05-26 14:00:00','yyyy-mm-dd HH24:MI:SS'),'300','100');
Insert into MENETREND (JARATSZAM,HONNAN,HOVA,DATUM_INDUL,DATUM_ERKEZIK,KM,POTJEGY) values ('74','Budapest','Pécs',to_date('2022-05-27 12:00:00','yyyy-mm-dd HH24:MI:SS'),to_date('2022-05-27 14:00:00','yyyy-mm-dd HH24:MI:SS'),'300','100');
Insert into MENETREND (JARATSZAM,HONNAN,HOVA,DATUM_INDUL,DATUM_ERKEZIK,KM,POTJEGY) values ('75','Budapest','Pécs',to_date('2022-05-28 12:00:00','yyyy-mm-dd HH24:MI:SS'),to_date('2022-05-28 14:00:00','yyyy-mm-dd HH24:MI:SS'),'300','100');
Insert into MENETREND (JARATSZAM,HONNAN,HOVA,DATUM_INDUL,DATUM_ERKEZIK,KM,POTJEGY) values ('76','Budapest','Pécs',to_date('2022-06-01 12:00:00','yyyy-mm-dd HH24:MI:SS'),to_date('2022-06-01 14:00:00','yyyy-mm-dd HH24:MI:SS'),'300','100');
Insert into MENETREND (JARATSZAM,HONNAN,HOVA,DATUM_INDUL,DATUM_ERKEZIK,KM,POTJEGY) values ('77','Budapest','Pécs',to_date('2022-06-02 12:00:00','yyyy-mm-dd HH24:MI:SS'),to_date('2022-06-02 14:00:00','yyyy-mm-dd HH24:MI:SS'),'300','100');
Insert into MENETREND (JARATSZAM,HONNAN,HOVA,DATUM_INDUL,DATUM_ERKEZIK,KM,POTJEGY) values ('78','Budapest','Pécs',to_date('2022-06-03 12:00:00','yyyy-mm-dd HH24:MI:SS'),to_date('2022-06-03 14:00:00','yyyy-mm-dd HH24:MI:SS'),'300','100');
Insert into MENETREND (JARATSZAM,HONNAN,HOVA,DATUM_INDUL,DATUM_ERKEZIK,KM,POTJEGY) values ('79','Budapest','Pécs',to_date('2022-06-04 12:00:00','yyyy-mm-dd HH24:MI:SS'),to_date('2022-06-04 14:00:00','yyyy-mm-dd HH24:MI:SS'),'300','100');
Insert into MENETREND (JARATSZAM,HONNAN,HOVA,DATUM_INDUL,DATUM_ERKEZIK,KM,POTJEGY) values ('80','Budapest','Pécs',to_date('2022-06-05 12:00:00','yyyy-mm-dd HH24:MI:SS'),to_date('2022-06-05 14:00:00','yyyy-mm-dd HH24:MI:SS'),'300','100');
--10db
Insert into MENETREND (JARATSZAM,HONNAN,HOVA,DATUM_INDUL,DATUM_ERKEZIK,KM,POTJEGY) values ('81','Pécs','Budapest',to_date('2022-05-24 12:00:00','yyyy-mm-dd HH24:MI:SS'),to_date('2022-05-24 14:00:00','yyyy-mm-dd HH24:MI:SS'),'300','100');
Insert into MENETREND (JARATSZAM,HONNAN,HOVA,DATUM_INDUL,DATUM_ERKEZIK,KM,POTJEGY) values ('82','Pécs','Budapest',to_date('2022-05-25 12:00:00','yyyy-mm-dd HH24:MI:SS'),to_date('2022-05-25 14:00:00','yyyy-mm-dd HH24:MI:SS'),'300','100');
Insert into MENETREND (JARATSZAM,HONNAN,HOVA,DATUM_INDUL,DATUM_ERKEZIK,KM,POTJEGY) values ('83','Pécs','Budapest',to_date('2022-05-26 12:00:00','yyyy-mm-dd HH24:MI:SS'),to_date('2022-05-26 14:00:00','yyyy-mm-dd HH24:MI:SS'),'300','100');
Insert into MENETREND (JARATSZAM,HONNAN,HOVA,DATUM_INDUL,DATUM_ERKEZIK,KM,POTJEGY) values ('84','Pécs','Budapest',to_date('2022-05-27 12:00:00','yyyy-mm-dd HH24:MI:SS'),to_date('2022-05-27 14:00:00','yyyy-mm-dd HH24:MI:SS'),'300','100');
Insert into MENETREND (JARATSZAM,HONNAN,HOVA,DATUM_INDUL,DATUM_ERKEZIK,KM,POTJEGY) values ('85','Pécs','Budapest',to_date('2022-05-28 12:00:00','yyyy-mm-dd HH24:MI:SS'),to_date('2022-05-28 14:00:00','yyyy-mm-dd HH24:MI:SS'),'300','100');
Insert into MENETREND (JARATSZAM,HONNAN,HOVA,DATUM_INDUL,DATUM_ERKEZIK,KM,POTJEGY) values ('86','Pécs','Budapest',to_date('2022-06-01 12:00:00','yyyy-mm-dd HH24:MI:SS'),to_date('2022-06-01 14:00:00','yyyy-mm-dd HH24:MI:SS'),'300','100');
Insert into MENETREND (JARATSZAM,HONNAN,HOVA,DATUM_INDUL,DATUM_ERKEZIK,KM,POTJEGY) values ('87','Pécs','Budapest',to_date('2022-06-02 12:00:00','yyyy-mm-dd HH24:MI:SS'),to_date('2022-06-02 14:00:00','yyyy-mm-dd HH24:MI:SS'),'300','100');
Insert into MENETREND (JARATSZAM,HONNAN,HOVA,DATUM_INDUL,DATUM_ERKEZIK,KM,POTJEGY) values ('88','Pécs','Budapest',to_date('2022-06-03 12:00:00','yyyy-mm-dd HH24:MI:SS'),to_date('2022-06-03 14:00:00','yyyy-mm-dd HH24:MI:SS'),'300','100');
Insert into MENETREND (JARATSZAM,HONNAN,HOVA,DATUM_INDUL,DATUM_ERKEZIK,KM,POTJEGY) values ('89','Pécs','Budapest',to_date('2022-06-04 12:00:00','yyyy-mm-dd HH24:MI:SS'),to_date('2022-06-04 14:00:00','yyyy-mm-dd HH24:MI:SS'),'300','100');
Insert into MENETREND (JARATSZAM,HONNAN,HOVA,DATUM_INDUL,DATUM_ERKEZIK,KM,POTJEGY) values ('90','Pécs','Budapest',to_date('2022-06-05 12:00:00','yyyy-mm-dd HH24:MI:SS'),to_date('2022-06-05 14:00:00','yyyy-mm-dd HH24:MI:SS'),'300','100');
-- 40
-- !!!

-- menetrend (járatok)
--BP Szeged
Insert into MENETREND (JARATSZAM,HONNAN,HOVA,DATUM_INDUL,DATUM_ERKEZIK,KM,POTJEGY) values ('91','Budapest','Szeged',to_date('2022-04-24 12:00:00','yyyy-mm-dd HH24:MI:SS'),to_date('2022-04-24 14:00:00','yyyy-mm-dd HH24:MI:SS'),'300','0');
Insert into MENETREND (JARATSZAM,HONNAN,HOVA,DATUM_INDUL,DATUM_ERKEZIK,KM,POTJEGY) values ('92','Budapest','Szeged',to_date('2022-04-25 12:00:00','yyyy-mm-dd HH24:MI:SS'),to_date('2022-04-25 14:00:00','yyyy-mm-dd HH24:MI:SS'),'300','0');
Insert into MENETREND (JARATSZAM,HONNAN,HOVA,DATUM_INDUL,DATUM_ERKEZIK,KM,POTJEGY) values ('93','Budapest','Szeged',to_date('2022-04-26 12:00:00','yyyy-mm-dd HH24:MI:SS'),to_date('2022-04-26 14:00:00','yyyy-mm-dd HH24:MI:SS'),'300','0');
Insert into MENETREND (JARATSZAM,HONNAN,HOVA,DATUM_INDUL,DATUM_ERKEZIK,KM,POTJEGY) values ('94','Budapest','Szeged',to_date('2022-04-27 12:00:00','yyyy-mm-dd HH24:MI:SS'),to_date('2022-04-27 14:00:00','yyyy-mm-dd HH24:MI:SS'),'300','0');
Insert into MENETREND (JARATSZAM,HONNAN,HOVA,DATUM_INDUL,DATUM_ERKEZIK,KM,POTJEGY) values ('95','Budapest','Szeged',to_date('2022-04-28 12:00:00','yyyy-mm-dd HH24:MI:SS'),to_date('2022-04-28 14:00:00','yyyy-mm-dd HH24:MI:SS'),'300','0');
Insert into MENETREND (JARATSZAM,HONNAN,HOVA,DATUM_INDUL,DATUM_ERKEZIK,KM,POTJEGY) values ('96','Budapest','Szeged',to_date('2022-05-01 12:00:00','yyyy-mm-dd HH24:MI:SS'),to_date('2022-05-01 14:00:00','yyyy-mm-dd HH24:MI:SS'),'300','0');
Insert into MENETREND (JARATSZAM,HONNAN,HOVA,DATUM_INDUL,DATUM_ERKEZIK,KM,POTJEGY) values ('97','Budapest','Szeged',to_date('2022-05-02 12:00:00','yyyy-mm-dd HH24:MI:SS'),to_date('2022-05-02 14:00:00','yyyy-mm-dd HH24:MI:SS'),'300','0');
Insert into MENETREND (JARATSZAM,HONNAN,HOVA,DATUM_INDUL,DATUM_ERKEZIK,KM,POTJEGY) values ('98','Budapest','Szeged',to_date('2022-05-03 12:00:00','yyyy-mm-dd HH24:MI:SS'),to_date('2022-05-03 14:00:00','yyyy-mm-dd HH24:MI:SS'),'300','0');
Insert into MENETREND (JARATSZAM,HONNAN,HOVA,DATUM_INDUL,DATUM_ERKEZIK,KM,POTJEGY) values ('99','Budapest','Szeged',to_date('2022-05-04 12:00:00','yyyy-mm-dd HH24:MI:SS'),to_date('2022-05-04 14:00:00','yyyy-mm-dd HH24:MI:SS'),'300','0');
Insert into MENETREND (JARATSZAM,HONNAN,HOVA,DATUM_INDUL,DATUM_ERKEZIK,KM,POTJEGY) values ('100','Budapest','Szeged',to_date('2022-05-05 12:00:00','yyyy-mm-dd HH24:MI:SS'),to_date('2022-05-05 14:00:00','yyyy-mm-dd HH24:MI:SS'),'300','0');
--10db
Insert into MENETREND (JARATSZAM,HONNAN,HOVA,DATUM_INDUL,DATUM_ERKEZIK,KM,POTJEGY) values ('101','Szeged','Budapest',to_date('2022-04-24 12:00:00','yyyy-mm-dd HH24:MI:SS'),to_date('2022-04-24 14:00:00','yyyy-mm-dd HH24:MI:SS'),'300','0');
Insert into MENETREND (JARATSZAM,HONNAN,HOVA,DATUM_INDUL,DATUM_ERKEZIK,KM,POTJEGY) values ('102','Szeged','Budapest',to_date('2022-04-25 12:00:00','yyyy-mm-dd HH24:MI:SS'),to_date('2022-04-25 14:00:00','yyyy-mm-dd HH24:MI:SS'),'300','0');
Insert into MENETREND (JARATSZAM,HONNAN,HOVA,DATUM_INDUL,DATUM_ERKEZIK,KM,POTJEGY) values ('103','Szeged','Budapest',to_date('2022-04-26 12:00:00','yyyy-mm-dd HH24:MI:SS'),to_date('2022-04-26 14:00:00','yyyy-mm-dd HH24:MI:SS'),'300','0');
Insert into MENETREND (JARATSZAM,HONNAN,HOVA,DATUM_INDUL,DATUM_ERKEZIK,KM,POTJEGY) values ('104','Szeged','Budapest',to_date('2022-04-27 12:00:00','yyyy-mm-dd HH24:MI:SS'),to_date('2022-04-27 14:00:00','yyyy-mm-dd HH24:MI:SS'),'300','0');
Insert into MENETREND (JARATSZAM,HONNAN,HOVA,DATUM_INDUL,DATUM_ERKEZIK,KM,POTJEGY) values ('105','Szeged','Budapest',to_date('2022-04-28 12:00:00','yyyy-mm-dd HH24:MI:SS'),to_date('2022-04-28 14:00:00','yyyy-mm-dd HH24:MI:SS'),'300','0');
Insert into MENETREND (JARATSZAM,HONNAN,HOVA,DATUM_INDUL,DATUM_ERKEZIK,KM,POTJEGY) values ('106','Szeged','Budapest',to_date('2022-05-01 12:00:00','yyyy-mm-dd HH24:MI:SS'),to_date('2022-05-01 14:00:00','yyyy-mm-dd HH24:MI:SS'),'300','0');
Insert into MENETREND (JARATSZAM,HONNAN,HOVA,DATUM_INDUL,DATUM_ERKEZIK,KM,POTJEGY) values ('107','Szeged','Budapest',to_date('2022-05-02 12:00:00','yyyy-mm-dd HH24:MI:SS'),to_date('2022-05-02 14:00:00','yyyy-mm-dd HH24:MI:SS'),'300','0');
Insert into MENETREND (JARATSZAM,HONNAN,HOVA,DATUM_INDUL,DATUM_ERKEZIK,KM,POTJEGY) values ('108','Szeged','Budapest',to_date('2022-05-03 12:00:00','yyyy-mm-dd HH24:MI:SS'),to_date('2022-05-03 14:00:00','yyyy-mm-dd HH24:MI:SS'),'300','0');
Insert into MENETREND (JARATSZAM,HONNAN,HOVA,DATUM_INDUL,DATUM_ERKEZIK,KM,POTJEGY) values ('109','Szeged','Budapest',to_date('2022-05-04 12:00:00','yyyy-mm-dd HH24:MI:SS'),to_date('2022-05-04 14:00:00','yyyy-mm-dd HH24:MI:SS'),'300','0');
Insert into MENETREND (JARATSZAM,HONNAN,HOVA,DATUM_INDUL,DATUM_ERKEZIK,KM,POTJEGY) values ('110','Szeged','Budapest',to_date('2022-05-05 12:00:00','yyyy-mm-dd HH24:MI:SS'),to_date('2022-05-05 14:00:00','yyyy-mm-dd HH24:MI:SS'),'300','0');
--10db
Insert into MENETREND (JARATSZAM,HONNAN,HOVA,DATUM_INDUL,DATUM_ERKEZIK,KM,POTJEGY) values ('111','Budapest','Szeged',to_date('2022-05-24 12:00:00','yyyy-mm-dd HH24:MI:SS'),to_date('2022-05-24 14:00:00','yyyy-mm-dd HH24:MI:SS'),'300','0');
Insert into MENETREND (JARATSZAM,HONNAN,HOVA,DATUM_INDUL,DATUM_ERKEZIK,KM,POTJEGY) values ('112','Budapest','Szeged',to_date('2022-05-25 12:00:00','yyyy-mm-dd HH24:MI:SS'),to_date('2022-05-25 14:00:00','yyyy-mm-dd HH24:MI:SS'),'300','0');
Insert into MENETREND (JARATSZAM,HONNAN,HOVA,DATUM_INDUL,DATUM_ERKEZIK,KM,POTJEGY) values ('113','Budapest','Szeged',to_date('2022-05-26 12:00:00','yyyy-mm-dd HH24:MI:SS'),to_date('2022-05-26 14:00:00','yyyy-mm-dd HH24:MI:SS'),'300','0');
Insert into MENETREND (JARATSZAM,HONNAN,HOVA,DATUM_INDUL,DATUM_ERKEZIK,KM,POTJEGY) values ('114','Budapest','Szeged',to_date('2022-05-27 12:00:00','yyyy-mm-dd HH24:MI:SS'),to_date('2022-05-27 14:00:00','yyyy-mm-dd HH24:MI:SS'),'300','0');
Insert into MENETREND (JARATSZAM,HONNAN,HOVA,DATUM_INDUL,DATUM_ERKEZIK,KM,POTJEGY) values ('115','Budapest','Szeged',to_date('2022-05-28 12:00:00','yyyy-mm-dd HH24:MI:SS'),to_date('2022-05-28 14:00:00','yyyy-mm-dd HH24:MI:SS'),'300','0');
Insert into MENETREND (JARATSZAM,HONNAN,HOVA,DATUM_INDUL,DATUM_ERKEZIK,KM,POTJEGY) values ('116','Budapest','Szeged',to_date('2022-06-01 12:00:00','yyyy-mm-dd HH24:MI:SS'),to_date('2022-06-01 14:00:00','yyyy-mm-dd HH24:MI:SS'),'300','0');
Insert into MENETREND (JARATSZAM,HONNAN,HOVA,DATUM_INDUL,DATUM_ERKEZIK,KM,POTJEGY) values ('117','Budapest','Szeged',to_date('2022-06-02 12:00:00','yyyy-mm-dd HH24:MI:SS'),to_date('2022-06-02 14:00:00','yyyy-mm-dd HH24:MI:SS'),'300','0');
Insert into MENETREND (JARATSZAM,HONNAN,HOVA,DATUM_INDUL,DATUM_ERKEZIK,KM,POTJEGY) values ('118','Budapest','Szeged',to_date('2022-06-03 12:00:00','yyyy-mm-dd HH24:MI:SS'),to_date('2022-06-03 14:00:00','yyyy-mm-dd HH24:MI:SS'),'300','0');
Insert into MENETREND (JARATSZAM,HONNAN,HOVA,DATUM_INDUL,DATUM_ERKEZIK,KM,POTJEGY) values ('119','Budapest','Szeged',to_date('2022-06-04 12:00:00','yyyy-mm-dd HH24:MI:SS'),to_date('2022-06-04 14:00:00','yyyy-mm-dd HH24:MI:SS'),'300','0');
Insert into MENETREND (JARATSZAM,HONNAN,HOVA,DATUM_INDUL,DATUM_ERKEZIK,KM,POTJEGY) values ('120','Budapest','Szeged',to_date('2022-06-05 12:00:00','yyyy-mm-dd HH24:MI:SS'),to_date('2022-06-05 14:00:00','yyyy-mm-dd HH24:MI:SS'),'300','0');
--10db
Insert into MENETREND (JARATSZAM,HONNAN,HOVA,DATUM_INDUL,DATUM_ERKEZIK,KM,POTJEGY) values ('121','Szeged','Budapest',to_date('2022-05-24 12:00:00','yyyy-mm-dd HH24:MI:SS'),to_date('2022-05-24 14:00:00','yyyy-mm-dd HH24:MI:SS'),'300','0');
Insert into MENETREND (JARATSZAM,HONNAN,HOVA,DATUM_INDUL,DATUM_ERKEZIK,KM,POTJEGY) values ('122','Szeged','Budapest',to_date('2022-05-25 12:00:00','yyyy-mm-dd HH24:MI:SS'),to_date('2022-05-25 14:00:00','yyyy-mm-dd HH24:MI:SS'),'300','0');
Insert into MENETREND (JARATSZAM,HONNAN,HOVA,DATUM_INDUL,DATUM_ERKEZIK,KM,POTJEGY) values ('123','Szeged','Budapest',to_date('2022-05-26 12:00:00','yyyy-mm-dd HH24:MI:SS'),to_date('2022-05-26 14:00:00','yyyy-mm-dd HH24:MI:SS'),'300','0');
Insert into MENETREND (JARATSZAM,HONNAN,HOVA,DATUM_INDUL,DATUM_ERKEZIK,KM,POTJEGY) values ('124','Szeged','Budapest',to_date('2022-05-27 12:00:00','yyyy-mm-dd HH24:MI:SS'),to_date('2022-05-27 14:00:00','yyyy-mm-dd HH24:MI:SS'),'300','0');
Insert into MENETREND (JARATSZAM,HONNAN,HOVA,DATUM_INDUL,DATUM_ERKEZIK,KM,POTJEGY) values ('125','Szeged','Budapest',to_date('2022-05-28 12:00:00','yyyy-mm-dd HH24:MI:SS'),to_date('2022-05-28 14:00:00','yyyy-mm-dd HH24:MI:SS'),'300','0');
Insert into MENETREND (JARATSZAM,HONNAN,HOVA,DATUM_INDUL,DATUM_ERKEZIK,KM,POTJEGY) values ('126','Szeged','Budapest',to_date('2022-06-01 12:00:00','yyyy-mm-dd HH24:MI:SS'),to_date('2022-06-01 14:00:00','yyyy-mm-dd HH24:MI:SS'),'300','0');
Insert into MENETREND (JARATSZAM,HONNAN,HOVA,DATUM_INDUL,DATUM_ERKEZIK,KM,POTJEGY) values ('127','Szeged','Budapest',to_date('2022-06-02 12:00:00','yyyy-mm-dd HH24:MI:SS'),to_date('2022-06-02 14:00:00','yyyy-mm-dd HH24:MI:SS'),'300','0');
Insert into MENETREND (JARATSZAM,HONNAN,HOVA,DATUM_INDUL,DATUM_ERKEZIK,KM,POTJEGY) values ('128','Szeged','Budapest',to_date('2022-06-03 12:00:00','yyyy-mm-dd HH24:MI:SS'),to_date('2022-06-03 14:00:00','yyyy-mm-dd HH24:MI:SS'),'300','0');
Insert into MENETREND (JARATSZAM,HONNAN,HOVA,DATUM_INDUL,DATUM_ERKEZIK,KM,POTJEGY) values ('129','Szeged','Budapest',to_date('2022-06-04 12:00:00','yyyy-mm-dd HH24:MI:SS'),to_date('2022-06-04 14:00:00','yyyy-mm-dd HH24:MI:SS'),'300','0');
Insert into MENETREND (JARATSZAM,HONNAN,HOVA,DATUM_INDUL,DATUM_ERKEZIK,KM,POTJEGY) values ('130','Szeged','Budapest',to_date('2022-06-05 12:00:00','yyyy-mm-dd HH24:MI:SS'),to_date('2022-06-05 14:00:00','yyyy-mm-dd HH24:MI:SS'),'300','0');
-- 40
-- 13 db !!!


--vásárlások
BEGIN
NEW_VASARLAS(76, 'felnõtt', 2, '000011HU');
NEW_VASARLAS(76, 'felnõtt', 2, '000011HU');
NEW_VASARLAS(76, 'felnõtt', 2, '000011HU');
NEW_VASARLAS(76, 'felnõtt', 2, '000011HU');
NEW_VASARLAS(76, 'felnõtt', 2, '000011HU');
NEW_VASARLAS(76, 'diák', 2, '000011HU');
NEW_VASARLAS(76, 'diák', 2, '000011HU');
NEW_VASARLAS(76, 'diák', 2, '000011HU');
NEW_VASARLAS(76, 'diák', 2, '000011HU');
NEW_VASARLAS(76, 'diák', 2, '000011HU');
NEW_VASARLAS(76, 'nyugdíjas', 4, '000011HU');
NEW_VASARLAS(76, 'nyugdíjas', 1, '000011HU');

NEW_VASARLAS(27, 'felnõtt', 2, '000012HU');
NEW_VASARLAS(27, 'felnõtt', 2, '000012HU');
NEW_VASARLAS(27, 'felnõtt', 2, '000012HU');
NEW_VASARLAS(27, 'felnõtt', 2, '000012HU');
NEW_VASARLAS(27, 'felnõtt', 2, '000012HU');
NEW_VASARLAS(27, 'diák', 2, '000012HU');
NEW_VASARLAS(27, 'diák', 2, '000012HU');
NEW_VASARLAS(27, 'diák', 2, '000012HU');
NEW_VASARLAS(27, 'diák', 2, '000012HU');
NEW_VASARLAS(27, 'diák', 2, '000012HU');
NEW_VASARLAS(27, 'nyugdíjas', 2, '000012HU');
NEW_VASARLAS(27, 'nyugdíjas', 2, '000012HU');
NEW_VASARLAS(27, 'nyugdíjas', 2, '000012HU');
NEW_VASARLAS(27, 'nyugdíjas', 2, '000012HU');

NEW_VASARLAS(28, 'felnõtt', 2, '000013HU');
NEW_VASARLAS(28, 'felnõtt', 2, '000013HU');
NEW_VASARLAS(28, 'felnõtt', 2, '000013HU');
NEW_VASARLAS(28, 'felnõtt', 2, '000013HU');
NEW_VASARLAS(28, 'felnõtt', 2, '000013HU');
NEW_VASARLAS(28, 'diák', 2, '000013HU');
NEW_VASARLAS(28, 'diák', 2, '000013HU');
NEW_VASARLAS(28, 'diák', 2, '000013HU');
NEW_VASARLAS(28, 'diák', 2, '000013HU');
NEW_VASARLAS(28, 'diák', 2, '000013HU');

NEW_VASARLAS(29, 'felnõtt', 2, '000013HU');
NEW_VASARLAS(29, 'felnõtt', 2, '000013HU');
NEW_VASARLAS(29, 'felnõtt', 2, '000013HU');
NEW_VASARLAS(29, 'felnõtt', 2, '000013HU');
NEW_VASARLAS(29, 'felnõtt', 2, '000013HU');
NEW_VASARLAS(29, 'diák', 2, '000013HU');
NEW_VASARLAS(29, 'diák', 2, '000013HU');
NEW_VASARLAS(29, 'diák', 2, '000013HU');
NEW_VASARLAS(29, 'diák', 2, '000013HU');
NEW_VASARLAS(29, 'diák', 2, '000013HU');
NEW_VASARLAS(29, 'nem természetes személy', 2, '000013HU');
NEW_VASARLAS(29, 'nem természetes személy', 2, '000013HU');
NEW_VASARLAS(29, 'nem természetes személy', 2, '000013HU');
NEW_VASARLAS(29, 'nem természetes személy', 2, '000013HU');
NEW_VASARLAS(29, 'nem természetes személy', 2, '000013HU');
NEW_VASARLAS(29, 'nem természetes személy', 2, '000013HU');
NEW_VASARLAS(29, 'bicikli', 1, '000013HU');
NEW_VASARLAS(29, 'bicikli', 1, '000013HU');
NEW_VASARLAS(29, 'bicikli', 1, '000013HU');
NEW_VASARLAS(29, 'nyugdíjas', 2, '000013HU');
NEW_VASARLAS(29, 'nyugdíjas', 1, '000013HU');
NEW_VASARLAS(29, 'nyugdíjas', 1, '000013HU');
NEW_VASARLAS(29, 'nyugdíjas', 2, '000013HU');
NEW_VASARLAS(29, 'nyugdíjas', 4, '000013HU');
END;
-- 60 db

